person_id,person_name,organization_id,organization_name,relation
P1,Torin Legge,O1,Dui Augue Corp,P17O14
P2,Harley Mccarthy,O2,Eu Neque Limited,P5O3
P3,Jethro Liu,O3,Proin Sed Turpis Foundation,P38O2
P4,Gladys Irvine,O4,Sed Sem Institute,P15O25
P5,Lilliana Partridge,O5,Vitae Aliquam Inc,P40O12
P6,Kadie Salgado,O6,Gravida Incorporated,P13O14
P7,Aneesa Olsen,O7,Ligula Eu Corporation,P12O22
P8,Adrienne Flores,O8,Neque Vitae Semper Company,P44O31
P9,Toyah Weber,O9,Nec Mollis Vitae Associates,P16O19
P10,Farhana Wilcox,O10,Lacinia Institute,P27O45
P11,Baran Ferreira,O11,Mauris Blandit Inc,P18O30
P12,Fabio Meyers,O12,Commodo Corporation,P20O49
P13,Gianni Mcfarlane,O13,Mauris Aliquam Eu Corporation,P2O37
P14,Rory Clay,O14,Pellentesque Corp,P29O43
P15,Laibah Wolf,O15,Nulla Limited,P48O46
P16,Kate Farrow,O16,Lorem Fringilla Ornare Limited,P9O32
P17,Armaan Cardenas,O17,Donec Non Company,P4O48
P18,Rhiannan Leach,O18,Non Enim Institute,P31O6
P19,Ayyan Hewitt,O19,Orci Inc,P8O18
P20,Ewen Murillo,O20,Eu Erat Semper Inc,P19O15
P21,Graham Sharma,O21,Etiam Bibendum Fermentum Foundation,P42O44
P22,Howard Coates,O22,Laoreet LLP,P26O39
P23,Cleo Herman,O23,Eleifend Ltd,P34O5
P24,Nikita Neville,O24,Justo LLC,P25O16
P25,Ralph Davila,O25,Est Vitae Inc,P21O42
P26,Marco Bird,O26,Dolor LLP,P37O8
P27,Juanita Morrison,O27,Consectetuer Rhoncus Nullam Incorporated,P47O23
P28,Joao Mercado,O28,Magna Lorem Ltd,P6O29
P29,Zakariah Parkinson,O29,Primis Foundation,P11O38
P30,Jareth Dodd,O30,Fames Ac Industries,P41O36
P31,Megan Mueller,O31,Mauris Eu Consulting,P28O47
P32,Imani Cortes,O32,Arcu Eu Odio Corp,P23O17
P33,Ariya Reeves,O33,Malesuada Id Ltd,P14O41
P34,Elspeth Goff,O34,Imperdiet Ullamcorper Limited,P1O20
P35,Leticia Proctor,O35,Interdum Libero Incorporated,P49O33
P36,Olaf Shaw,O36,Pharetra Nam Ac Consulting,P24O24
P37,Dilan Barr,O37,Malesuada Vel Corporation,P3O13
P38,Daphne Kumar,O38,Egestas Duis Company,P39O35
P39,Krisha Fields,O39,Pellentesque Ultricies Dignissim PC,P43O40
P40,Gabriela Boyce,O40,Convallis In Cursus Inc,P36O27
P41,Sofija Mcgowan,O41,Duis Mi Enim Limited,P10O34
P42,Sahil Archer,O42,Mi Inc,P45O10
P43,Shayan Benson,O43,Lorem Ipsum Dolor Ltd,P35O4
P44,Leslie Mcintyre,O44,Quis PC,P32O26
P45,Zayyan Reese,O45,Aliquet Industries,P22O28
P46,Ana Trujillo,O46,Eget Metus Corporation,P46O11
P47,Madihah Healy,O47,Arcu Iaculis Enim Ltd,P17O1
P48,Millie Wilks,O48,Ultricies Limited,P7O7
P49,Tasnim Hogan,O49,Eu Turpis Limited,P33O21
P50,Dewey Quinn,O50,Nec Corp,P30O9
